[
  {
      "id": 1,
      "image": "https://i.ibb.co/Xtnk4kc/Health.png",
      "title": "Clean water for children",
      "catagory": "Health",
      "description": "Maintain a balanced diet, exercise regularly, and get enough sleep for optimal physical and mental health.",
      "price": 49.99
  },
  {
      "id": 2,
      "image": "https://i.ibb.co/WWQJRHN/Rectangle-4288.png",
      "title": "Good education",
      "catagory": "Education",
      "description": "Education is the process of acquiring knowledge, skills, values, and beliefs through structured learning experiences.",
      "price": 29.99
  },
  {
      "id": 3,
      "image": "https://i.ibb.co/s9J9Lfk/clothing-1.jpg",
      "title": "Used Clothing Drive",
      "catagory": "Clothing",
      "description": "Fashion-forward, trendy, comfortable, versatile, eco-friendly, affordable, stylish, timeless, chic, casual, formal, cozy, colorful, minimalist, functional.",
      "price": 19.99
  },
  {
      "id": 4,
      "image": "https://i.ibb.co/6Z98z5C/Rectangle-4287-2.png",
      "title": "Better Food for Everyone",
      "catagory": "Food",
      "description": "Deliciously aromatic, the sizzling steak, perfectly seared, rests beside a medley of vibrant, buttery vegetables.",
      "price": 14.99
  },
  {
      "id": 5,
      "image": "https://i.ibb.co/RTRP8Y8/food-1.webp",
      "title": "Tasty Temptations",
      "catagory": "Food",
      "description": "Deliciously aromatic, the sizzling steak, perfectly seared, rests beside a medley of vibrant, buttery vegetables.",
      "price": 39.99
  },
  {
      "id": 6,
      "image": "https://i.ibb.co/PTbdSFv/Clothing.png",
      "title": "The Evolution of Fashion",
      "catagory": "Clothing",
      "description": "",
      "price": 59.99
  },
  {
      "id": 7,
      "image": "https://i.ibb.co/t4D9LwV/edu-2.jpg",
      "title": "Educational Equity",
      "catagory": "Education",
      "description": "Education is the process of acquiring knowledge, skills, values, and beliefs through structured learning experiences.",
      "price": 24.99
  },
  {
      "id": 8,
      "image": "https://i.ibb.co/HrJsMt6/health-3.webp",
      "title": "Health Matters",
      "catagory": "Health",
      "description":"Maintain a balanced diet, exercise regularly, and get enough sleep for optimal physical and mental health.it amet.",
      "price": 34.99
  },
  {
      "id": 9,
      "image": "https://i.ibb.co/98gKXpx/health-2.webp",
      "title": "Wellness Wonders",
      "catagory": "Health",
      "description":"Maintain a balanced diet, exercise regularly, and get enough sleep for optimal physical and mental health.",
      "price": 12.99
  },
  {
      "id": 10,
      "image": "https://i.ibb.co/16TLyvL/edu-3.jpg",
      "title": "Education Redefined",
      "catagory": "Education",
      "description": "Education is the process of acquiring knowledge, skills, values, and beliefs through structured learning experiences.",
      "price": 44.99
  },
  {
      "id": 11,
      "image": "https://i.ibb.co/T8mzsfd/clothing-3.jpgg",
      "title": "Textiles and Trends",
      "catagory": "Clothing",
      "description": "Fashion-forward, trendy, comfortable, versatile, eco-friendly, affordable, stylish, timeless, chic, casual, formal, cozy, colorful, minimalist, functional.",
      "price": 69.99
  },
  {
      "id": 12,
      "image": "https://i.ibb.co/7GptFdx/food-3.jpg",
      "title": "Cooking Chronicles",
      "catagory": "Food",
      "description": "Deliciously aromatic, the sizzling steak, perfectly seared, rests beside a medley of vibrant, buttery vegetables.",
      "price": 27.99
  }
]
